Question,Answer
How can I manage stress effectively?,"Consider practicing mindfulness, regular exercise, and setting aside time for hobbies. Deep breathing and time management can also help."
What are some techniques to improve sleep quality?,"Maintain a regular sleep schedule, create a restful environment, and limit screen time before bed. Avoid caffeine in the evening."
How do I cope with anxiety in social situations?,"Gradual exposure, deep breathing exercises, and cognitive-behavioral strategies can help manage anxiety in social settings."
What should I do if I feel overwhelmed?,"It's important to take breaks, prioritize tasks, and reach out to a mental health professional if needed. Journaling or talking to someone can also help."
How can I support a friend who is struggling?,"Listen without judgment, offer support, and encourage them to seek professional help. Avoid offering unsolicited advice."
"What are signs of burnout, and how can I address it?","Signs include chronic fatigue, irritability, and reduced performance. Address it by taking breaks, delegating tasks, and seeking professional guidance if needed."
How can I maintain work-life balance?,"Set boundaries between work and personal life, schedule time for relaxation, and avoid over-committing to responsibilities."
What should I do if I feel constantly tired and unmotivated?,"Evaluate your daily routine, prioritize self-care, and ensure you have a proper sleep schedule. Seek help if these feelings persist."
How can physical exercise help with mental health?,"Exercise releases endorphins, reduces stress, and improves mood. Aim for 30 minutes of moderate exercise most days of the week."
When should I seek professional help for mental health?,"Seek help if you experience persistent feelings of sadness, anxiety, or hopelessness that interfere with daily life."
